{
  "timestamp": "2020-09-02T10:29:07.097Z",
  "preTaskSubmission": "{\"q1\":\"I look to address the topic that I am writing the essay on. For me, the aim is to be concise and clear in how I deliver my main thesis of the essay and explain the rationale to any points I make. At the end, I want to make sure that the question is addressed and all the points made are backed up by evidence. \",\"q2\":\"An essay which only focuses on the topic at hand without digressing or providing superflous information would be a good essay. Furthermore, each paragraph should have some theme which it explores related to the topic of the essay at hand. \",\"q3\":\"An essay mainly requires one to address a topic or a question in a rigorous manner by providing the facts and evidence behind it. It can be used as a form of argument (sort of answering a topic taking one side or the other), describing something in detail which may be subjective or objective in nature. \"}",
  "projects": [
    {
      "name": "Essay",
      "id": 1,
      "log": {
        "events": {
          "session_start": [
            {
              "type": "session_start",
              "timestamp": "2020-08-31T14:47:39.862Z"
            },
            {
              "type": "session_start",
              "timestamp": "2020-08-31T14:48:37.495Z"
            },
            {
              "type": "session_start",
              "timestamp": "2020-09-01T12:35:47.903Z"
            },
            {
              "type": "session_start",
              "timestamp": "2020-09-02T10:29:00.579Z"
            }
          ],
          "document_content_markdown": [
            {
              "type": "document_content_markdown",
              "content": "",
              "timestamp": "2020-08-31T14:48:40.518Z"
            },
            {
              "type": "document_content_markdown",
              "content": "",
              "timestamp": "2020-08-31T14:49:38.357Z"
            },
            {
              "type": "document_content_markdown",
              "content": "",
              "timestamp": "2020-08-31T14:49:40.331Z"
            },
            {
              "type": "document_content_markdown",
              "content": "",
              "timestamp": "2020-08-31T14:50:38.337Z"
            },
            {
              "type": "document_content_markdown",
              "content": "",
              "timestamp": "2020-08-31T14:50:48.970Z"
            },
            {
              "type": "document_content_markdown",
              "content": "",
              "timestamp": "2020-08-31T14:51:38.329Z"
            },
            {
              "type": "document_content_markdown",
              "content": "",
              "timestamp": "2020-08-31T14:51:40.326Z"
            },
            {
              "type": "document_content_markdown",
              "content": "",
              "timestamp": "2020-08-31T14:52:38.336Z"
            },
            {
              "type": "document_content_markdown",
              "content": "",
              "timestamp": "2020-08-31T14:52:40.340Z"
            },
            {
              "type": "document_content_markdown",
              "content": "",
              "timestamp": "2020-08-31T14:53:38.323Z"
            },
            {
              "type": "document_content_markdown",
              "content": "",
              "timestamp": "2020-08-31T14:53:40.325Z"
            },
            {
              "type": "document_content_markdown",
              "content": "",
              "timestamp": "2020-08-31T14:54:38.339Z"
            },
            {
              "type": "document_content_markdown",
              "content": "",
              "timestamp": "2020-08-31T14:54:40.327Z"
            },
            {
              "type": "document_content_markdown",
              "content": "",
              "timestamp": "2020-08-31T14:55:38.332Z"
            },
            {
              "type": "document_content_markdown",
              "content": "",
              "timestamp": "2020-08-31T14:55:40.329Z"
            },
            {
              "type": "document_content_markdown",
              "content": "",
              "timestamp": "2020-08-31T14:56:38.346Z"
            },
            {
              "type": "document_content_markdown",
              "content": "",
              "timestamp": "2020-08-31T14:56:40.473Z"
            },
            {
              "type": "document_content_markdown",
              "content": "",
              "timestamp": "2020-08-31T14:57:38.334Z"
            },
            {
              "type": "document_content_markdown",
              "content": "",
              "timestamp": "2020-08-31T14:57:40.364Z"
            },
            {
              "type": "document_content_markdown",
              "content": "",
              "timestamp": "2020-08-31T14:58:38.334Z"
            },
            {
              "type": "document_content_markdown",
              "content": "",
              "timestamp": "2020-08-31T14:58:40.332Z"
            },
            {
              "type": "document_content_markdown",
              "content": "",
              "timestamp": "2020-08-31T14:59:38.325Z"
            },
            {
              "type": "document_content_markdown",
              "content": "",
              "timestamp": "2020-08-31T14:59:40.324Z"
            },
            {
              "type": "document_content_markdown",
              "content": "",
              "timestamp": "2020-08-31T15:00:38.360Z"
            },
            {
              "type": "document_content_markdown",
              "content": "",
              "timestamp": "2020-08-31T15:00:40.438Z"
            },
            {
              "type": "document_content_markdown",
              "content": "",
              "timestamp": "2020-08-31T15:01:38.329Z"
            },
            {
              "type": "document_content_markdown",
              "content": "",
              "timestamp": "2020-08-31T15:01:40.330Z"
            },
            {
              "type": "document_content_markdown",
              "content": "",
              "timestamp": "2020-08-31T15:02:38.330Z"
            },
            {
              "type": "document_content_markdown",
              "content": "",
              "timestamp": "2020-08-31T15:02:40.328Z"
            },
            {
              "type": "document_content_markdown",
              "content": "",
              "timestamp": "2020-08-31T15:03:38.331Z"
            },
            {
              "type": "document_content_markdown",
              "content": "",
              "timestamp": "2020-08-31T15:03:43.955Z"
            },
            {
              "type": "document_content_markdown",
              "content": "",
              "timestamp": "2020-08-31T15:04:38.343Z"
            },
            {
              "type": "document_content_markdown",
              "content": "",
              "timestamp": "2020-08-31T15:04:40.345Z"
            },
            {
              "type": "document_content_markdown",
              "content": "",
              "timestamp": "2020-08-31T15:05:38.323Z"
            },
            {
              "type": "document_content_markdown",
              "content": "",
              "timestamp": "2020-08-31T15:05:40.323Z"
            },
            {
              "type": "document_content_markdown",
              "content": "",
              "timestamp": "2020-08-31T15:06:38.335Z"
            },
            {
              "type": "document_content_markdown",
              "content": "",
              "timestamp": "2020-08-31T15:06:48.398Z"
            },
            {
              "type": "document_content_markdown",
              "content": "",
              "timestamp": "2020-08-31T15:07:38.331Z"
            },
            {
              "type": "document_content_markdown",
              "content": "",
              "timestamp": "2020-08-31T15:07:40.334Z"
            },
            {
              "type": "document_content_markdown",
              "content": "",
              "timestamp": "2020-08-31T15:08:38.332Z"
            },
            {
              "type": "document_content_markdown",
              "content": "",
              "timestamp": "2020-08-31T15:08:40.332Z"
            },
            {
              "type": "document_content_markdown",
              "content": "",
              "timestamp": "2020-08-31T15:09:38.331Z"
            },
            {
              "type": "document_content_markdown",
              "content": "",
              "timestamp": "2020-08-31T15:09:41.008Z"
            },
            {
              "type": "document_content_markdown",
              "content": "",
              "timestamp": "2020-08-31T15:10:38.331Z"
            },
            {
              "type": "document_content_markdown",
              "content": "",
              "timestamp": "2020-08-31T15:10:40.326Z"
            },
            {
              "type": "document_content_markdown",
              "content": "",
              "timestamp": "2020-08-31T15:11:38.325Z"
            },
            {
              "type": "document_content_markdown",
              "content": "",
              "timestamp": "2020-08-31T15:11:40.325Z"
            },
            {
              "type": "document_content_markdown",
              "content": "",
              "timestamp": "2020-08-31T15:12:38.350Z"
            },
            {
              "type": "document_content_markdown",
              "content": "",
              "timestamp": "2020-08-31T15:12:40.337Z"
            },
            {
              "type": "document_content_markdown",
              "content": "",
              "timestamp": "2020-08-31T15:13:38.331Z"
            },
            {
              "type": "document_content_markdown",
              "content": "",
              "timestamp": "2020-08-31T15:13:40.331Z"
            },
            {
              "type": "document_content_markdown",
              "content": "",
              "timestamp": "2020-08-31T15:14:38.328Z"
            },
            {
              "type": "document_content_markdown",
              "content": "",
              "timestamp": "2020-08-31T15:14:40.327Z"
            },
            {
              "type": "document_content_markdown",
              "content": "",
              "timestamp": "2020-08-31T15:15:38.327Z"
            },
            {
              "type": "document_content_markdown",
              "content": "",
              "timestamp": "2020-08-31T15:15:40.323Z"
            },
            {
              "type": "document_content_markdown",
              "content": "",
              "timestamp": "2020-08-31T15:16:38.328Z"
            },
            {
              "type": "document_content_markdown",
              "content": "",
              "timestamp": "2020-08-31T15:16:42.321Z"
            },
            {
              "type": "document_content_markdown",
              "content": "",
              "timestamp": "2020-08-31T15:17:38.326Z"
            },
            {
              "type": "document_content_markdown",
              "content": "",
              "timestamp": "2020-08-31T15:17:40.330Z"
            },
            {
              "type": "document_content_markdown",
              "content": "",
              "timestamp": "2020-08-31T15:18:38.335Z"
            },
            {
              "type": "document_content_markdown",
              "content": "",
              "timestamp": "2020-08-31T15:18:40.337Z"
            },
            {
              "type": "document_content_markdown",
              "content": "",
              "timestamp": "2020-08-31T15:19:38.331Z"
            },
            {
              "type": "document_content_markdown",
              "content": "",
              "timestamp": "2020-08-31T15:19:40.332Z"
            },
            {
              "type": "document_content_markdown",
              "content": "",
              "timestamp": "2020-08-31T15:20:38.332Z"
            },
            {
              "type": "document_content_markdown",
              "content": "",
              "timestamp": "2020-08-31T15:20:40.331Z"
            },
            {
              "type": "document_content_markdown",
              "content": "",
              "timestamp": "2020-08-31T15:21:38.331Z"
            },
            {
              "type": "document_content_markdown",
              "content": "",
              "timestamp": "2020-08-31T15:21:40.329Z"
            },
            {
              "type": "document_content_markdown",
              "content": "",
              "timestamp": "2020-08-31T15:22:38.337Z"
            },
            {
              "type": "document_content_markdown",
              "content": "",
              "timestamp": "2020-08-31T15:22:40.336Z"
            },
            {
              "type": "document_content_markdown",
              "content": "",
              "timestamp": "2020-08-31T15:23:38.325Z"
            },
            {
              "type": "document_content_markdown",
              "content": "",
              "timestamp": "2020-08-31T15:23:40.325Z"
            },
            {
              "type": "document_content_markdown",
              "content": "",
              "timestamp": "2020-08-31T15:24:38.341Z"
            },
            {
              "type": "document_content_markdown",
              "content": "",
              "timestamp": "2020-08-31T15:24:40.331Z"
            },
            {
              "type": "document_content_markdown",
              "content": "",
              "timestamp": "2020-08-31T15:25:38.332Z"
            },
            {
              "type": "document_content_markdown",
              "content": "",
              "timestamp": "2020-08-31T15:25:40.346Z"
            },
            {
              "type": "document_content_markdown",
              "content": "",
              "timestamp": "2020-08-31T15:26:38.334Z"
            },
            {
              "type": "document_content_markdown",
              "content": "",
              "timestamp": "2020-08-31T15:26:40.335Z"
            },
            {
              "type": "document_content_markdown",
              "content": "",
              "timestamp": "2020-08-31T15:27:38.328Z"
            },
            {
              "type": "document_content_markdown",
              "content": "",
              "timestamp": "2020-08-31T15:27:40.355Z"
            },
            {
              "type": "document_content_markdown",
              "content": "",
              "timestamp": "2020-08-31T15:28:38.333Z"
            },
            {
              "type": "document_content_markdown",
              "content": "",
              "timestamp": "2020-08-31T15:28:43.961Z"
            },
            {
              "type": "document_content_markdown",
              "content": "",
              "timestamp": "2020-08-31T15:29:38.325Z"
            },
            {
              "type": "document_content_markdown",
              "content": "",
              "timestamp": "2020-08-31T15:29:40.328Z"
            },
            {
              "type": "document_content_markdown",
              "content": "Shared spaces hinder both the vehicle drivers and the pedestrians movement within the shared road and thus, \n\n",
              "timestamp": "2020-08-31T15:30:40.368Z"
            },
            {
              "type": "document_content_markdown",
              "content": "Shared spaces hinder both the vehicle drivers and the pedestrians movement within the shared road and thus, it should not be promoted in urban planning. There are numerous other ways that could be implemented to reduce vehicle speed to prevent se\n\n",
              "timestamp": "2020-08-31T15:31:39.811Z"
            },
            {
              "type": "document_content_markdown",
              "content": "Shared spaces hinder both the vehicle drivers and the pedestrians movement within the shared road and thus, it should not be promoted in urban planning. There are numerous other ways that could be implemented to reduce vehicle speed to prevent serious accidents and injuries. \n\n",
              "timestamp": "2020-08-31T15:32:40.327Z"
            },
            {
              "type": "document_content_markdown",
              "content": "Shared spaces hinder both the vehicle drivers and the pedestrians movement within the shared road and thus, it should not be promoted in urban planning. There are numerous other ways that could be implemented to reduce vehicle speed to prevent serious accidents and injuries. \n\n",
              "timestamp": "2020-08-31T15:33:40.325Z"
            },
            {
              "type": "document_content_markdown",
              "content": "Shared spaces hinder both the vehicle drivers and the pedestrians movement within the shared road and thus, it should not be promoted in urban planning. There are numerous other ways that could be implemented to reduce vehicle speed to prevent serious accidents and injuries. \n\nThe first indicator that shared spaces are not perhaps not the best alternative comes from public opinion itself. 6\n\n",
              "timestamp": "2020-08-31T15:34:39.799Z"
            },
            {
              "type": "document_content_markdown",
              "content": "Shared spaces hinder both the vehicle drivers and the pedestrians movement within the shared road and thus, it should not be promoted in urban planning. There are numerous other ways that could be implemented to reduce vehicle speed to prevent serious accidents and injuries. \n\nThe first indicator that shared spaces are not perhaps not the best alternative comes from public opinion itself. The majority of those surveyed and asked to report on their experience (63%) state that they had a bad experience \n\n",
              "timestamp": "2020-08-31T15:35:40.334Z"
            },
            {
              "type": "document_content_markdown",
              "content": "Shared spaces hinder both the vehicle drivers and the pedestrians movement within the shared road and thus, it should not be promoted in urban planning. There are numerous other ways that could be implemented to reduce vehicle speed to prevent serious accidents and injuries. \n\nThe first indicator that shared spaces are not perhaps not the best alternative comes from public opinion itself. The majority of those surveyed and asked to report on their experience (63%) state that they had a bad experience using a shared space while only a few (18%) rated it as being good for the public and both parties (vehicles and pedestrians). \n\nIt can also be asked how shar\n\n",
              "timestamp": "2020-08-31T15:36:39.825Z"
            },
            {
              "type": "document_content_markdown",
              "content": "Shared spaces hinder both the vehicle drivers and the pedestrians movement within the shared road and thus, it should not be promoted in urban planning. There are numerous other ways that could be implemented to reduce vehicle speed to prevent serious accidents and injuries. \n\nThe first indicator that shared spaces are not perhaps not the best alternative comes from public opinion itself. The majority of those surveyed and asked to report on their experience (63%) state that they had a bad experience using a shared space while only a few (18%) rated it as being good for the public and both parties (vehicles and pedestrians). \n\nIt can also be asked whether shared spaces really do achieve its aim of preventing serious accidents by reducing speed. Would reckless drivers stop driving \n\n",
              "timestamp": "2020-08-31T15:37:39.793Z"
            },
            {
              "type": "document_content_markdown",
              "content": "Shared spaces hinder both the vehicle drivers and the pedestrians movement within the shared road and thus, it should not be promoted in urban planning. There are numerous other ways that could be implemented to reduce vehicle speed to prevent serious accidents and injuries. \n\nThe first indicator that shared spaces are not perhaps not the best alternative comes from public opinion itself. The majority of those surveyed and asked to report on their experience (63%) state that they had a bad experience using a shared space while only a few (18%) rated it as being good for the public and both parties (vehicles and pedestrians). \n\nIt can also be asked whether shared spaces really do achieve its aim of preventing serious accidents by reducing speed. Would reckless drivers stop driving recklessly in a different environment? Perhaps it is the driver that makes the road not the other way around, that is to say, reckless drivers cannot distinguish between \n\n",
              "timestamp": "2020-08-31T15:38:39.793Z"
            },
            {
              "type": "document_content_markdown",
              "content": "Shared spaces hinder both the vehicle drivers and the pedestrians movement within the shared road and thus, it should not be promoted in urban planning. There are numerous other ways that could be implemented to reduce vehicle speed to prevent serious accidents and injuries. \n\nThe first indicator that shared spaces are not perhaps not the best alternative comes from public opinion itself. The majority of those surveyed and asked to report on their experience (63%) state that they had a bad experience using a shared space while only a few (18%) rated it as being good for the public and both parties (vehicles and pedestrians). \n\nIt can also be asked whether shared spaces really do achieve its aim of preventing serious accidents by reducing speed. Would reckless drivers stop driving recklessly in a different environment? Perhaps it is the driver that makes the road not the other way around, that is to say, reckless drivers cannot distinguish between an empty road and a road filled with pedestrians. \n\nWhile there have been si\n\n",
              "timestamp": "2020-08-31T15:39:39.786Z"
            },
            {
              "type": "document_content_markdown",
              "content": "Shared spaces hinder both the vehicle drivers and the pedestrians movement within the shared road and thus, it should not be promoted in urban planning. There are numerous other ways that could be implemented to reduce vehicle speed to prevent serious accidents and injuries. \n\nThe first indicator that shared spaces are not perhaps not the best alternative comes from public opinion itself. The majority of those surveyed and asked to report on their experience (63%) state that they had a bad experience using a shared space while only a few (18%) rated it as being good for the public and both parties (vehicles and pedestrians). \n\nIt can also be asked whether shared spaces really do achieve its aim of preventing serious accidents by reducing speed. Would reckless drivers stop driving recklessly in a different environment? Perhaps it is the driver that makes the road not the other way around, that is to say, reckless drivers cannot distinguish between an empty road and a road filled with pedestrians. \n\nWhile there have been single cases of reduced traffic congestion and vehicle travel time, it is difficult to generalise this success beyond those single examples. Pedestrian activities and traffic are no\n\n",
              "timestamp": "2020-08-31T15:40:39.787Z"
            },
            {
              "type": "document_content_markdown",
              "content": "Shared spaces hinder both the vehicle drivers and the pedestrians movement within the shared road and thus, it should not be promoted in urban planning. There are numerous other ways that could be implemented to reduce vehicle speed to prevent serious accidents and injuries. \n\nThe first indicator that shared spaces are not perhaps not the best alternative comes from public opinion itself. The majority of those surveyed and asked to report on their experience (63%) state that they had a bad experience using a shared space while only a few (18%) rated it as being good for the public and both parties (vehicles and pedestrians). \n\nIt can also be asked whether shared spaces really do achieve its aim of preventing serious accidents by reducing speed. Would reckless drivers stop driving recklessly in a different environment? Perhaps it is the driver that makes the road not the other way around, that is to say, reckless drivers cannot distinguish between an empty road and a road filled with pedestrians. \n\nWhile there have been single cases of reduced traffic congestion and vehicle travel time, it is difficult to generalise this success beyond those single examples. Pedestrian activities and traffic are not uniform across places and thus, what might work in one instance might as very well not in another. \n\n",
              "timestamp": "2020-08-31T15:41:40.327Z"
            },
            {
              "type": "document_content_markdown",
              "content": "Shared spaces hinder both the vehicle drivers and the pedestrians movement within the shared road and thus, it should not be promoted in urban planning. There are numerous other ways that could be implemented to reduce vehicle speed to prevent serious accidents and injuries. \n\nThe first indicator that shared spaces are not perhaps not the best alternative comes from public opinion itself. The majority of those surveyed and asked to report on their experience (63%) state that they had a bad experience using a shared space while only a few (18%) rated it as being good for the public and both parties (vehicles and pedestrians). \n\nIt can also be asked whether shared spaces really do achieve its aim of preventing serious accidents by reducing speed. Would reckless drivers stop driving recklessly in a different environment? Perhaps it is the driver that makes the road not the other way around, that is to say, reckless drivers cannot distinguish between an empty road and a road filled with pedestrians. \n\nWhile there have been single cases of reduced traffic congestion and vehicle travel time, it is difficult to generalise this success beyond those single examples. Pedestrian activities and traffic are not uniform across places and thus, what might work in one instance might as very well not in another. \n\n",
              "timestamp": "2020-08-31T15:42:40.328Z"
            },
            {
              "type": "document_content_markdown",
              "content": "Shared spaces hinder both the vehicle drivers and the pedestrians movement within the shared road and thus, it should not be promoted in urban planning. There are numerous other ways that could be implemented to reduce vehicle speed to prevent serious accidents and injuries. \n\nThe first indicator that shared spaces are not perhaps not the best alternative comes from public opinion itself. The majority of those surveyed and asked to report on their experience (63%) state that they had a bad experience using a shared space while only a few (18%) rated it as being good for the public and both parties (vehicles and pedestrians). \n\nIt can also be asked whether shared spaces really do achieve its aim of preventing serious accidents by reducing speed. Would reckless drivers stop driving recklessly in a different environment? Perhaps it is the driver that makes the road not the other way around, that is to say, reckless drivers cannot distinguish between an empty road and a road filled with pedestrians. \n\nWhile there have been single cases of reduced traffic congestion and vehicle travel time, it is difficult to generalise this success beyond those single examples. Pedestrian activities and traffic are not uniform across places and thus, what might work in one instance might as very well not in another. We need to wait and see whether this process generalises beyond these cases and thus, the efficacy of shared spaces can be questioned in these terms. \n\n",
              "timestamp": "2020-09-01T12:36:47.894Z"
            },
            {
              "type": "document_content_markdown",
              "content": "Shared spaces hinder both the vehicle drivers and the pedestrians movement within the shared road and thus, it should not be promoted in urban planning. There are numerous other ways that could be implemented to reduce vehicle speed to prevent serious accidents and injuries. \n\nThe first indicator that shared spaces are not perhaps not the best alternative comes from public opinion itself. The majority of those surveyed and asked to report on their experience (63%) state that they had a bad experience using a shared space while only a few (18%) rated it as being good for the public and both parties (vehicles and pedestrians). \n\nIt can also be asked whether shared spaces really do achieve its aim of preventing serious accidents by reducing speed. Would reckless drivers stop driving recklessly in a different environment? Perhaps it is the driver that makes the road not the other way around, that is to say, reckless drivers cannot distinguish between an empty road and a road filled with pedestrians. \n\nWhile there have been single cases of reduced traffic congestion and vehicle travel time, it is difficult to generalise this success beyond those single examples. Pedestrian activities and traffic are not uniform across places and thus, what might work in one instance might as very well not in another. We need to wait and see whether this process generalises beyond these cases and thus, the efficacy of shared spaces can be questioned in these terms. \n\nComments from Michael Bro\n\n",
              "timestamp": "2020-09-01T12:37:47.871Z"
            },
            {
              "type": "document_content_markdown",
              "content": "Shared spaces hinder both the vehicle drivers and the pedestrians movement within the shared road and thus, it should not be promoted in urban planning. There are numerous other ways that could be implemented to reduce vehicle speed to prevent serious accidents and injuries. \n\nThe first indicator that shared spaces are not perhaps not the best alternative comes from public opinion itself. The majority of those surveyed and asked to report on their experience (63%) state that they had a bad experience using a shared space while only a few (18%) rated it as being good for the public and both parties (vehicles and pedestrians). \n\nIt can also be asked whether shared spaces really do achieve its aim of preventing serious accidents by reducing speed. Would reckless drivers stop driving recklessly in a different environment? Perhaps it is the driver that makes the road not the other way around, that is to say, reckless drivers cannot distinguish between an empty road and a road filled with pedestrians. \n\nWhile there have been single cases of reduced traffic congestion and vehicle travel time, it is difficult to generalise this success beyond those single examples. Pedestrian activities and traffic are not uniform across places and thus, what might work in one instance might as very well not in another. We need to wait and see whether this process generalises beyond these cases and thus, the efficacy of shared spaces can be questioned in these terms. \n\nComments from a person with Cerebral Palsy who have stated that shared s\n\n",
              "timestamp": "2020-09-01T12:38:47.866Z"
            },
            {
              "type": "document_content_markdown",
              "content": "Shared spaces hinder both the vehicle drivers and the pedestrians movement within the shared road and thus, it should not be promoted in urban planning. There are numerous other ways that could be implemented to reduce vehicle speed to prevent serious accidents and injuries. \n\nThe first indicator that shared spaces are not perhaps not the best alternative comes from public opinion itself. The majority of those surveyed and asked to report on their experience (63%) state that they had a bad experience using a shared space while only a few (18%) rated it as being good for the public and both parties (vehicles and pedestrians). \n\nIt can also be asked whether shared spaces really do achieve its aim of preventing serious accidents by reducing speed. Would reckless drivers stop driving recklessly in a different environment? Perhaps it is the driver that makes the road not the other way around, that is to say, reckless drivers cannot distinguish between an empty road and a road filled with pedestrians. \n\nWhile there have been single cases of reduced traffic congestion and vehicle travel time, it is difficult to generalise this success beyond those single examples. Pedestrian activities and traffic are not uniform across places and thus, what might work in one instance might as very well not in another. We need to wait and see whether this process generalises beyond these cases and thus, the efficacy of shared spaces can be questioned in these terms. \n\nComments from a person with Cerebral Palsy who have stated that shared spaces terrifies him and another parent who expressed concern over her  daughter's safety due to the specific design of the safe space also further raises cocernes \n\n",
              "timestamp": "2020-09-01T12:39:47.888Z"
            },
            {
              "type": "document_content_markdown",
              "content": "Shared spaces hinder both the vehicle drivers and the pedestrians movement within the shared road and thus, it should not be promoted in urban planning. There are numerous other ways that could be implemented to reduce vehicle speed to prevent serious accidents and injuries. \n\nThe first indicator that shared spaces are not perhaps not the best alternative comes from public opinion itself. The majority of those surveyed and asked to report on their experience (63%) state that they had a bad experience using a shared space while only a few (18%) rated it as being good for the public and both parties (vehicles and pedestrians). \n\nIt can also be asked whether shared spaces really do achieve its aim of preventing serious accidents by reducing speed. Would reckless drivers stop driving recklessly in a different environment? Perhaps it is the driver that makes the road not the other way around, that is to say, reckless drivers cannot distinguish between an empty road and a road filled with pedestrians. \n\nWhile there have been single cases of reduced traffic congestion and vehicle travel time, it is difficult to generalise this success beyond those single examples. Pedestrian activities and traffic are not uniform across places and thus, what might work in one instance might as very well not in another. We need to wait and see whether this process generalises beyond these cases and thus, the efficacy of shared spaces can be questioned in these terms. \n\nComments from a person with Cerebral Palsy who have stated that shared spaces terrifies him and another parent who expressed concern over her  daughter's safety due to the specific design of the safe space also further raises concerns as to whether promoting this space could achieve much for Urban Design. \n\nAnother aspect of this issue could be the design \n\n",
              "timestamp": "2020-09-01T12:40:47.868Z"
            },
            {
              "type": "document_content_markdown",
              "content": "Shared spaces hinder both the vehicle drivers and the pedestrians movement within the shared road and thus, it should not be promoted in urban planning. There are numerous other ways that could be implemented to reduce vehicle speed to prevent serious accidents and injuries. \n\nThe first indicator that shared spaces are not perhaps not the best alternative comes from public opinion itself. The majority of those surveyed and asked to report on their experience (63%) state that they had a bad experience using a shared space while only a few (18%) rated it as being good for the public and both parties (vehicles and pedestrians). \n\nIt can also be asked whether shared spaces really do achieve its aim of preventing serious accidents by reducing speed. Would reckless drivers stop driving recklessly in a different environment? Perhaps it is the driver that makes the road not the other way around, that is to say, reckless drivers cannot distinguish between an empty road and a road filled with pedestrians. \n\nWhile there have been single cases of reduced traffic congestion and vehicle travel time, it is difficult to generalise this success beyond those single examples. Pedestrian activities and traffic are not uniform across places and thus, what might work in one instance might as very well not in another. We need to wait and see whether this process generalises beyond these cases and thus, the efficacy of shared spaces can be questioned in these terms. \n\nComments from a person with Cerebral Palsy who have stated that shared spaces terrifies him and another parent who expressed concern over her  daughter's safety due to the specific design of the safe space also further raises concerns as to whether promoting this space could achieve much for Urban Design. \n\nAnother aspect of this issue could be the design of the safe space itself: how do we go about ensuring that a particular design is optimal for both safety and convenience for pedestrians and traffic vehicles respectively? \n\n",
              "timestamp": "2020-09-01T12:41:47.866Z"
            },
            {
              "type": "document_content_markdown",
              "content": "Shared spaces hinder both the vehicle drivers and the pedestrians movement within the shared road and thus, it should not be promoted in urban planning. There are numerous other ways that could be implemented to reduce vehicle speed to prevent serious accidents and injuries. \n\nThe first indicator that shared spaces are not perhaps not the best alternative comes from public opinion itself. The majority of those surveyed and asked to report on their experience (63%) state that they had a bad experience using a shared space while only a few (18%) rated it as being good for the public and both parties (vehicles and pedestrians). \n\nIt can also be asked whether shared spaces really do achieve its aim of preventing serious accidents by reducing speed. Would reckless drivers stop driving recklessly in a different environment? Perhaps it is the driver that makes the road not the other way around, that is to say, reckless drivers cannot distinguish between an empty road and a road filled with pedestrians. \n\nWhile there have been single cases of reduced traffic congestion and vehicle travel time, it is difficult to generalise this success beyond those single examples. Pedestrian activities and traffic are not uniform across places and thus, what might work in one instance might as very well not in another. We need to wait and see whether this process generalises beyond these cases and thus, the efficacy of shared spaces can be questioned in these terms. \n\nComments from a person with Cerebral Palsy who have stated that shared spaces terrifies him and another parent who expressed concern over her  daughter's safety due to the specific design of the safe space also further raises concerns as to whether promoting this space could achieve much for Urban Design. \n\nAnother aspect of this issue could be the design of the safe space itself: how do we go about ensuring that a particular design is optimal for both safety and convenience for pedestrians and traffic vehicles respectively? The Urban Design Group state that the design should be compromised by all groups and should not be biased towards the needs of the most vulnerable. However, it is difficult to see this happening and completely unethical from my perspective that the most \n\n",
              "timestamp": "2020-09-01T12:42:47.869Z"
            },
            {
              "type": "document_content_markdown",
              "content": "Shared spaces hinder both the vehicle drivers and the pedestrians movement within the shared road and thus, it should not be promoted in urban planning. There are numerous other ways that could be implemented to reduce vehicle speed to prevent serious accidents and injuries. \n\nThe first indicator that shared spaces are not perhaps not the best alternative comes from public opinion itself. The majority of those surveyed and asked to report on their experience (63%) state that they had a bad experience using a shared space while only a few (18%) rated it as being good for the public and both parties (vehicles and pedestrians). \n\nIt can also be asked whether shared spaces really do achieve its aim of preventing serious accidents by reducing speed. Would reckless drivers stop driving recklessly in a different environment? Perhaps it is the driver that makes the road not the other way around, that is to say, reckless drivers cannot distinguish between an empty road and a road filled with pedestrians. \n\nWhile there have been single cases of reduced traffic congestion and vehicle travel time, it is difficult to generalise this success beyond those single examples. Pedestrian activities and traffic are not uniform across places and thus, what might work in one instance might as very well not in another. We need to wait and see whether this process generalises beyond these cases and thus, the efficacy of shared spaces can be questioned in these terms. \n\nComments from a person with Cerebral Palsy who have stated that shared spaces terrifies him and another parent who expressed concern over her  daughter's safety due to the specific design of the safe space also further raises concerns as to whether promoting this space could achieve much for Urban Design. \n\nAnother aspect of this issue could be the design of the safe space itself: how do we go about ensuring that a particular design is optimal for both safety and convenience for pedestrians and traffic vehicles respectively? The Urban Design Group state that the design should be compromised by all groups and should not be biased towards the needs of the most vulnerable. However, it is difficult to see this happening and completely unethical from my perspective that the most vulnerable need to rely upon a design that may not suit them while commuting. Would they guarantee then, another set of spaces reserved for only the most vulnerable that is not shared? It is true that \n\n",
              "timestamp": "2020-09-01T12:43:47.869Z"
            },
            {
              "type": "document_content_markdown",
              "content": "Shared spaces hinder both the vehicle drivers and the pedestrians movement within the shared road and thus, it should not be promoted in urban planning. There are numerous other ways that could be implemented to reduce vehicle speed to prevent serious accidents and injuries. \n\nThe first indicator that shared spaces are not perhaps not the best alternative comes from public opinion itself. The majority of those surveyed and asked to report on their experience (63%) state that they had a bad experience using a shared space while only a few (18%) rated it as being good for the public and both parties (vehicles and pedestrians). \n\nIt can also be asked whether shared spaces really do achieve its aim of preventing serious accidents by reducing speed. Would reckless drivers stop driving recklessly in a different environment? Perhaps it is the driver that makes the road not the other way around, that is to say, reckless drivers cannot distinguish between an empty road and a road filled with pedestrians. \n\nWhile there have been single cases of reduced traffic congestion and vehicle travel time, it is difficult to generalise this success beyond those single examples. Pedestrian activities and traffic are not uniform across places and thus, what might work in one instance might as very well not in another. We need to wait and see whether this process generalises beyond these cases and thus, the efficacy of shared spaces can be questioned in these terms. \n\nComments from a person with Cerebral Palsy who have stated that shared spaces terrifies him and another parent who expressed concern over her  daughter's safety due to the specific design of the safe space also further raises concerns as to whether promoting this space could achieve much for Urban Design. \n\nAnother aspect of this issue could be the design of the safe space itself: how do we go about ensuring that a particular design is optimal for both safety and convenience for pedestrians and traffic vehicles respectively? The Urban Design Group state that the design should be compromised by all groups and should not be biased towards the needs of the most vulnerable. However, it is difficult to see this happening and completely unethical from my perspective that the most vulnerable need to rely upon a design that may not suit them while commuting. Would they guarantee then, another set of spaces reserved for only the most vulnerable that is not shared? It is true that roads should operate according to everybody's convenience but at the same time, it is equally important for the Urban Design Group to keep in mind that the most vulnerable are the most disadvantaged and hence, they should be priorotised the most. \n\n",
              "timestamp": "2020-09-01T12:44:47.867Z"
            },
            {
              "type": "document_content_markdown",
              "content": "Shared spaces hinder both the vehicle drivers and the pedestrians movement within the shared road and thus, it should not be promoted in urban planning. There are numerous other ways that could be implemented to reduce vehicle speed to prevent serious accidents and injuries. \n\nThe first indicator that shared spaces are not perhaps not the best alternative comes from public opinion itself. The majority of those surveyed and asked to report on their experience (63%) state that they had a bad experience using a shared space while only a few (18%) rated it as being good for the public and both parties (vehicles and pedestrians). \n\nIt can also be asked whether shared spaces really do achieve its aim of preventing serious accidents by reducing speed. Would reckless drivers stop driving recklessly in a different environment? Perhaps it is the driver that makes the road not the other way around, that is to say, reckless drivers cannot distinguish between an empty road and a road filled with pedestrians. \n\nWhile there have been single cases of reduced traffic congestion and vehicle travel time, it is difficult to generalise this success beyond those single examples. Pedestrian activities and traffic are not uniform across places and thus, what might work in one instance might as very well not in another. We need to wait and see whether this process generalises beyond these cases and thus, the efficacy of shared spaces can be questioned in these terms. \n\nComments from a person with Cerebral Palsy who have stated that shared spaces terrifies him and another parent who expressed concern over her  daughter's safety due to the specific design of the safe space also further raises concerns as to whether promoting this space could achieve much for Urban Design. \n\nAnother aspect of this issue could be the design of the safe space itself: how do we go about ensuring that a particular design is optimal for both safety and convenience for pedestrians and traffic vehicles respectively? The Urban Design Group state that the design should be compromised by all groups and should not be biased towards the needs of the most vulnerable. However, it is difficult to see this happening and completely unethical from my perspective that the most vulnerable need to rely upon a design that may not suit them while commuting. Would they guarantee then, another set of spaces reserved for only the most vulnerable that is not shared? It is true that roads should operate according to everybody's convenience but at the same time, it is equally important for the Urban Design Group to keep in mind that the most vulnerable are the most disadvantaged and hence, they should be priorotised the most. \n\nLastly, the r\n\n",
              "timestamp": "2020-09-01T12:45:47.865Z"
            },
            {
              "type": "document_content_markdown",
              "content": "Shared spaces hinder both the vehicle drivers and the pedestrians movement within the shared road and thus, it should not be promoted in urban planning. There are numerous other ways that could be implemented to reduce vehicle speed to prevent serious accidents and injuries. \n\nThe first indicator that shared spaces are not perhaps not the best alternative comes from public opinion itself. The majority of those surveyed and asked to report on their experience (63%) state that they had a bad experience using a shared space while only a few (18%) rated it as being good for the public and both parties (vehicles and pedestrians). \n\nIt can also be asked whether shared spaces really do achieve its aim of preventing serious accidents by reducing speed. Would reckless drivers stop driving recklessly in a different environment? Perhaps it is the driver that makes the road not the other way around, that is to say, reckless drivers cannot distinguish between an empty road and a road filled with pedestrians. \n\nWhile there have been single cases of reduced traffic congestion and vehicle travel time, it is difficult to generalise this success beyond those single examples. Pedestrian activities and traffic are not uniform across places and thus, what might work in one instance might as very well not in another. We need to wait and see whether this process generalises beyond these cases and thus, the efficacy of shared spaces can be questioned in these terms. \n\nComments from a person with Cerebral Palsy who have stated that shared spaces terrifies him and another parent who expressed concern over her  daughter's safety due to the specific design of the safe space also further raises concerns as to whether promoting this space could achieve much for Urban Design. \n\nAnother aspect of this issue could be the design of the safe space itself: how do we go about ensuring that a particular design is optimal for both safety and convenience for pedestrians and traffic vehicles respectively? The Urban Design Group state that the design should be compromised by all groups and should not be biased towards the needs of the most vulnerable. However, it is difficult to see this happening and completely unethical from my perspective that the most vulnerable need to rely upon a design that may not suit them while commuting. Would they guarantee then, another set of spaces reserved for only the most vulnerable that is not shared? It is true that roads should operate according to everybody's convenience but at the same time, it is equally important for the Urban Design Group to keep in mind that the most vulnerable are the most disadvantaged and hence, they should be priorotised the most. \n\nLastly, the recent report on shared spaces and the occurence of accidents seem to be biased and invalid in its methodology. One due to the methodology itself recommended by the Department of Transport \n\n",
              "timestamp": "2020-09-01T12:46:47.871Z"
            },
            {
              "type": "document_content_markdown",
              "content": "Shared spaces hinder both the vehicle drivers and the pedestrians movement within the shared road and thus, it should not be promoted in urban planning. There are numerous other ways that could be implemented to reduce vehicle speed to prevent serious accidents and injuries. \n\nThe first indicator that shared spaces are not perhaps not the best alternative comes from public opinion itself. The majority of those surveyed and asked to report on their experience (63%) state that they had a bad experience using a shared space while only a few (18%) rated it as being good for the public and both parties (vehicles and pedestrians). \n\nIt can also be asked whether shared spaces really do achieve its aim of preventing serious accidents by reducing speed. Would reckless drivers stop driving recklessly in a different environment? Perhaps it is the driver that makes the road not the other way around, that is to say, reckless drivers cannot distinguish between an empty road and a road filled with pedestrians. \n\nWhile there have been single cases of reduced traffic congestion and vehicle travel time, it is difficult to generalise this success beyond those single examples. Pedestrian activities and traffic are not uniform across places and thus, what might work in one instance might as very well not in another. We need to wait and see whether this process generalises beyond these cases and thus, the efficacy of shared spaces can be questioned in these terms. \n\nComments from a person with Cerebral Palsy who have stated that shared spaces terrifies him and another parent who expressed concern over her  daughter's safety due to the specific design of the safe space also further raises concerns as to whether promoting this space could achieve much for Urban Design. \n\nAnother aspect of this issue could be the design of the safe space itself: how do we go about ensuring that a particular design is optimal for both safety and convenience for pedestrians and traffic vehicles respectively? The Urban Design Group state that the design should be compromised by all groups and should not be biased towards the needs of the most vulnerable. However, it is difficult to see this happening and completely unethical from my perspective that the most vulnerable need to rely upon a design that may not suit them while commuting. Would they guarantee then, another set of spaces reserved for only the most vulnerable that is not shared? It is true that roads should operate according to everybody's convenience but at the same time, it is equally important for the Urban Design Group to keep in mind that the most vulnerable are the most disadvantaged and hence, they should be priorotised the most. \n\nLastly, the recent report on shared spaces and the occurence of accidents seem to be biased and invalid in its methodology. One, due to the methodology itself recommended by the Department of Transport on how to monitor operational safety of a shared space and the secondly, previous evaluations of shared space using road accidents statistics if this under-reporting has not \n\n",
              "timestamp": "2020-09-01T12:47:47.870Z"
            },
            {
              "type": "document_content_markdown",
              "content": "Shared spaces hinder both the vehicle drivers and the pedestrians movement within the shared road and thus, it should not be promoted in urban planning. There are numerous other ways that could be implemented to reduce vehicle speed to prevent serious accidents and injuries. \n\nThe first indicator that shared spaces are not perhaps not the best alternative comes from public opinion itself. The majority of those surveyed and asked to report on their experience (63%) state that they had a bad experience using a shared space while only a few (18%) rated it as being good for the public and both parties (vehicles and pedestrians). \n\nIt can also be asked whether shared spaces really do achieve its aim of preventing serious accidents by reducing speed. Would reckless drivers stop driving recklessly in a different environment? Perhaps it is the driver that makes the road not the other way around, that is to say, reckless drivers cannot distinguish between an empty road and a road filled with pedestrians. \n\nWhile there have been single cases of reduced traffic congestion and vehicle travel time, it is difficult to generalise this success beyond those single examples. Pedestrian activities and traffic are not uniform across places and thus, what might work in one instance might as very well not in another. We need to wait and see whether this process generalises beyond these cases and thus, the efficacy of shared spaces can be questioned in these terms. \n\nComments from a person with Cerebral Palsy who have stated that shared spaces terrifies him and another parent who expressed concern over her  daughter's safety due to the specific design of the safe space also further raises concerns as to whether promoting this space could achieve much for Urban Design. \n\nAnother aspect of this issue could be the design of the safe space itself: how do we go about ensuring that a particular design is optimal for both safety and convenience for pedestrians and traffic vehicles respectively? The Urban Design Group state that the design should be compromised by all groups and should not be biased towards the needs of the most vulnerable. However, it is difficult to see this happening and completely unethical from my perspective that the most vulnerable need to rely upon a design that may not suit them while commuting. Would they guarantee then, another set of spaces reserved for only the most vulnerable that is not shared? It is true that roads should operate according to everybody's convenience but at the same time, it is equally important for the Urban Design Group to keep in mind that the most vulnerable are the most disadvantaged and hence, they should be priorotised the most. \n\nLastly, the recent report on shared spaces and the occurence of accidents seem to be biased and invalid in its methodology. One, due to the methodology itself recommended by the Department of Transport on how to monitor operational safety of a shared space and the secondly, previous evaluations of shared space using road accidents statistics if this under-reporting has not been taken into account. \n\nUrban Design could go about spending this intended promotional resources in a much more efficient and beneficial manner than promoting shared spaces to the public. \n\n",
              "timestamp": "2020-09-01T12:48:47.877Z"
            },
            {
              "type": "document_content_markdown",
              "content": "Shared spaces hinder both the vehicle drivers and the pedestrians movement within the shared road and thus, it should not be promoted in urban planning. There are numerous other ways that could be implemented to reduce vehicle speed to prevent serious accidents and injuries. \n\nThe first indicator that shared spaces are not perhaps not the best alternative comes from public opinion itself. The majority of those surveyed and asked to report on their experience (63%) state that they had a bad experience using a shared space while only a few (18%) rated it as being good for the public and both parties (vehicles and pedestrians). \n\nIt can also be asked whether shared spaces really do achieve its aim of preventing serious accidents by reducing speed. Would reckless drivers stop driving recklessly in a different environment? Perhaps it is the driver that makes the road not the other way around, that is to say, reckless drivers cannot distinguish between an empty road and a road filled with pedestrians. \n\nWhile there have been single cases of reduced traffic congestion and vehicle travel time, it is difficult to generalise this success beyond those single examples. Pedestrian activities and traffic are not uniform across places and thus, what might work in one instance might as very well not in another. We need to wait and see whether this process generalises beyond these cases and thus, the efficacy of shared spaces can be questioned in these terms. \n\nComments from a person with Cerebral Palsy who have stated that shared spaces terrifies him and another parent who expressed concern over her  daughter's safety due to the specific design of the safe space also further raises concerns as to whether promoting this space could achieve much for Urban Design. \n\nAnother aspect of this issue could be the design of the safe space itself: how do we go about ensuring that a particular design is optimal for both safety and convenience for pedestrians and traffic vehicles respectively? The Urban Design Group state that the design should be compromised by all groups and should not be biased towards the needs of the most vulnerable. However, it is difficult to see this happening and completely unethical from my perspective that the most vulnerable need to rely upon a design that may not suit them while commuting. Would they guarantee then, another set of spaces reserved for only the most vulnerable that is not shared? It is true that roads should operate according to everybody's convenience but at the same time, it is equally important for the Urban Design Group to keep in mind that the most vulnerable are the most disadvantaged and hence, they should be priorotised the most. \n\nLastly, the recent report on shared spaces and the occurence of accidents seem to be biased and invalid in its methodology. One, due to the methodology itself recommended by the Department of Transport on how to monitor operational safety of a shared space and the secondly, previous evaluations of shared space using road accidents statistics if this under-reporting has not been taken into account. \n\nUrban Design could go about spending this intended promotional resources in a much more efficient and beneficial manner than promoting shared spaces to the public. \n\n",
              "timestamp": "2020-09-01T12:49:47.866Z"
            },
            {
              "type": "document_content_markdown",
              "content": "Shared spaces hinder both the vehicle drivers and the pedestrians movement within the shared road and thus, it should not be promoted in urban planning. There are numerous other ways that could be implemented to reduce vehicle speed to prevent serious accidents and injuries. \n\nThe first indicator that shared spaces are not perhaps not the best alternative comes from public opinion itself. The majority of those surveyed and asked to report on their experience (63%) state that they had a bad experience using a shared space while only a few (18%) rated it as being good for the public and both parties (vehicles and pedestrians). \n\nIt can also be asked whether shared spaces really do achieve its aim of preventing serious accidents by reducing speed. Would reckless drivers stop driving recklessly in a different environment? Perhaps it is the driver that makes the road not the other way around, that is to say, reckless drivers cannot distinguish between an empty road and a road filled with pedestrians. \n\nWhile there have been single cases of reduced traffic congestion and vehicle travel time, it is difficult to generalise this success beyond those single examples. Pedestrian activities and traffic are not uniform across places and thus, what might work in one instance might as very well not in another. We need to wait and see whether this process generalises beyond these cases and thus, the efficacy of shared spaces can be questioned in these terms. \n\nComments from a person with Cerebral Palsy who have stated that shared spaces terrifies him and another parent who expressed concern over her  daughter's safety due to the specific design of the safe space also further raises concerns as to whether promoting this space could achieve much for Urban Design. \n\nAnother aspect of this issue could be the design of the safe space itself: how do we go about ensuring that a particular design is optimal for both safety and convenience for pedestrians and traffic vehicles respectively? The Urban Design Group state that the design should be compromised by all groups and should not be biased towards the needs of the most vulnerable. However, it is difficult to see this happening and completely unethical from my perspective that the most vulnerable need to rely upon a design that may not suit them while commuting. Would they guarantee then, another set of spaces reserved for only the most vulnerable that is not shared? It is true that roads should operate according to everybody's convenience but at the same time, it is equally important for the Urban Design Group to keep in mind that the most vulnerable are the most disadvantaged and hence, they should be priorotised the most. \n\nLastly, the recent report on shared spaces and the occurence of accidents seem to be biased and invalid in its methodology. One, due to the methodology itself recommended by the Department of Transport on how to monitor operational safety of a shared space and the secondly, previous evaluations of shared space using road accidents statistics if this under-reporting has not been taken into account. \n\nUrban Design could go about spending this intended promotional resources in a much more efficient and beneficial manner than promoting shared spaces to the public. \n\n",
              "timestamp": "2020-09-01T12:50:48.815Z"
            },
            {
              "type": "document_content_markdown",
              "content": "Shared spaces hinder both the vehicle drivers and the pedestrians movement within the shared road and thus, it should not be promoted in urban planning. There are numerous other ways that could be implemented to reduce vehicle speed to prevent serious accidents and injuries. \n\nThe first indicator that shared spaces are not perhaps not the best alternative comes from public opinion itself. The majority of those surveyed and asked to report on their experience (63%) state that they had a bad experience using a shared space while only a few (18%) rated it as being good for the public and both parties (vehicles and pedestrians). \n\nIt can also be asked whether shared spaces really do achieve its aim of preventing serious accidents by reducing speed. Would reckless drivers stop driving recklessly in a different environment? Perhaps it is the driver that makes the road not the other way around, that is to say, reckless drivers cannot distinguish between an empty road and a road filled with pedestrians. \n\nWhile there have been single cases of reduced traffic congestion and vehicle travel time, it is difficult to generalise this success beyond those single examples. Pedestrian activities and traffic are not uniform across places and thus, what might work in one instance might as very well not in another. We need to wait and see whether this process generalises beyond these cases and thus, the efficacy of shared spaces can be questioned in these terms. \n\nComments from a person with Cerebral Palsy who have stated that shared spaces terrifies him and another parent who expressed concern over her  daughter's safety due to the specific design of the safe space also further raises concerns as to whether promoting this space could achieve much for Urban Design. \n\nAnother aspect of this issue could be the design of the safe space itself: how do we go about ensuring that a particular design is optimal for both safety and convenience for pedestrians and traffic vehicles respectively? The Urban Design Group state that the design should be compromised by all groups and should not be biased towards the needs of the most vulnerable. However, it is difficult to see this happening and completely unethical from my perspective that the most vulnerable need to rely upon a design that may not suit them while commuting. Would they guarantee then, another set of spaces reserved for only the most vulnerable that is not shared? It is true that roads should operate according to everybody's convenience but at the same time, it is equally important for the Urban Design Group to keep in mind that the most vulnerable are the most disadvantaged and hence, they should be priorotised the most. \n\nLastly, the recent report on shared spaces and the occurence of accidents seem to be biased and invalid in its methodology. One, due to the methodology itself recommended by the Department of Transport on how to monitor operational safety of a shared space and the secondly, previous evaluations of shared space using road accidents statistics if this under-reporting has not been taken into account. \n\nUrban Design could go about spending this intended promotional resources in a much more efficient and beneficial manner than promoting shared spaces to the public. \n\n",
              "timestamp": "2020-09-01T12:51:47.865Z"
            },
            {
              "type": "document_content_markdown",
              "content": "Shared spaces hinder both the vehicle drivers and the pedestrians movement within the shared road and thus, it should not be promoted in urban planning. There are numerous other ways that could be implemented to reduce vehicle speed to prevent serious accidents and injuries. \n\nThe first indicator that shared spaces are not perhaps not the best alternative comes from public opinion itself. The majority of those surveyed and asked to report on their experience (63%) state that they had a bad experience using a shared space while only a few (18%) rated it as being good for the public and both parties (vehicles and pedestrians). \n\nIt can also be asked whether shared spaces really do achieve its aim of preventing serious accidents by reducing speed. Would reckless drivers stop driving recklessly in a different environment? Perhaps it is the driver that makes the road not the other way around, that is to say, reckless drivers cannot distinguish between an empty road and a road filled with pedestrians. \n\nWhile there have been single cases of reduced traffic congestion and vehicle travel time, it is difficult to generalise this success beyond those single examples. Pedestrian activities and traffic are not uniform across places and thus, what might work in one instance might as very well not in another. We need to wait and see whether this process generalises beyond these cases and thus, the efficacy of shared spaces can be questioned in these terms. \n\nComments from a person with Cerebral Palsy who have stated that shared spaces terrifies him and another parent who expressed concern over her  daughter's safety due to the specific design of the safe space also further raises concerns as to whether promoting this space could achieve much for Urban Design. \n\nAnother aspect of this issue could be the design of the safe space itself: how do we go about ensuring that a particular design is optimal for both safety and convenience for pedestrians and traffic vehicles respectively? The Urban Design Group state that the design should be compromised by all groups and should not be biased towards the needs of the most vulnerable. However, it is difficult to see this happening and completely unethical from my perspective that the most vulnerable need to rely upon a design that may not suit them while commuting. Would they guarantee then, another set of spaces reserved for only the most vulnerable that is not shared? It is true that roads should operate according to everybody's convenience but at the same time, it is equally important for the Urban Design Group to keep in mind that the most vulnerable are the most disadvantaged and hence, they should be priorotised the most. \n\nLastly, the recent report on shared spaces and the occurence of accidents seem to be biased and invalid in its methodology. One, due to the methodology itself recommended by the Department of Transport on how to monitor operational safety of a shared space and the secondly, previous evaluations of shared space using road accidents statistics if this under-reporting has not been taken into account. \n\nUrban Design could go about spending this intended promotional resources in a much more efficient and beneficial manner than promoting shared spaces to the public. \n\n",
              "timestamp": "2020-09-01T12:52:48.818Z"
            }
          ],
          "node_create": [
            {
              "type": "node_create",
              "id": 1,
              "timestamp": "2020-09-01T12:49:54.213Z"
            }
          ],
          "node_delete": [
            {
              "type": "node_delete",
              "id": 1,
              "timestamp": "2020-09-01T12:49:54.368Z"
            }
          ],
          "save": [
            {
              "type": "save",
              "timestamp": "2020-09-01T12:53:13.895Z"
            }
          ]
        },
        "saves": [
          {
            "timestamp": "2020-08-31T15:41:09.408Z",
            "map": {},
            "node_id_counter": 0,
            "doc_value": {
              "object": "value",
              "document": {
                "object": "document",
                "data": {},
                "nodes": [
                  {
                    "object": "block",
                    "type": "paragraph",
                    "data": {},
                    "nodes": [
                      {
                        "object": "text",
                        "text": "Shared spaces hinder both the vehicle drivers and the pedestrians movement within the shared road and thus, it should not be promoted in urban planning. There are numerous other ways that could be implemented to reduce vehicle speed to prevent serious accidents and injuries. ",
                        "marks": []
                      }
                    ]
                  },
                  {
                    "object": "block",
                    "type": "paragraph",
                    "data": {},
                    "nodes": [
                      {
                        "object": "text",
                        "text": "The first indicator that shared spaces are not perhaps not the best alternative comes from public opinion itself. The majority of those surveyed and asked to report on their experience (63%) state that they had a bad experience using a shared space while only a few (18%) rated it as being good for the public and both parties (vehicles and pedestrians). ",
                        "marks": []
                      }
                    ]
                  },
                  {
                    "object": "block",
                    "type": "paragraph",
                    "data": {},
                    "nodes": [
                      {
                        "object": "text",
                        "text": "It can also be asked whether shared spaces really do achieve its aim of preventing serious accidents by reducing speed. Would reckless drivers stop driving recklessly in a different environment? Perhaps it is the driver that makes the road not the other way around, that is to say, reckless drivers cannot distinguish between an empty road and a road filled with pedestrians. ",
                        "marks": []
                      }
                    ]
                  },
                  {
                    "object": "block",
                    "type": "paragraph",
                    "data": {},
                    "nodes": [
                      {
                        "object": "text",
                        "text": "",
                        "marks": []
                      }
                    ]
                  },
                  {
                    "object": "block",
                    "type": "paragraph",
                    "data": {},
                    "nodes": [
                      {
                        "object": "text",
                        "text": "While there have been single cases of reduced traffic congestion and vehicle travel time, it is difficult to generalise this success beyond those single examples. Pedestrian activities and traffic are not uniform across places and thus, what might work in one instance might as very well not in another. ",
                        "marks": []
                      }
                    ]
                  },
                  {
                    "object": "block",
                    "type": "paragraph",
                    "data": {},
                    "nodes": [
                      {
                        "object": "text",
                        "text": "",
                        "marks": []
                      }
                    ]
                  },
                  {
                    "object": "block",
                    "type": "paragraph",
                    "data": {},
                    "nodes": [
                      {
                        "object": "text",
                        "text": "",
                        "marks": []
                      }
                    ]
                  },
                  {
                    "object": "block",
                    "type": "paragraph",
                    "data": {},
                    "nodes": [
                      {
                        "object": "text",
                        "text": "",
                        "marks": []
                      }
                    ]
                  }
                ]
              }
            },
            "graph_value": {
              "nodes": [],
              "connections": {
                "arrows": [],
                "arrow_id_counter": 0,
                "arrowOptions": [
                  {
                    "colour": "green",
                    "name": "Supports",
                    "symbol": "→"
                  },
                  {
                    "colour": "red",
                    "name": "Opposes",
                    "symbol": "→"
                  },
                  {
                    "colour": "blue",
                    "name": "Expands",
                    "symbol": "→"
                  }
                ]
              }
            }
          },
          {
            "timestamp": "2020-09-01T12:52:57.349Z",
            "map": {},
            "node_id_counter": 1,
            "doc_value": {
              "object": "value",
              "document": {
                "object": "document",
                "data": {},
                "nodes": [
                  {
                    "object": "block",
                    "type": "paragraph",
                    "data": {},
                    "nodes": [
                      {
                        "object": "text",
                        "text": "Shared spaces hinder both the vehicle drivers and the pedestrians movement within the shared road and thus, it should not be promoted in urban planning. There are numerous other ways that could be implemented to reduce vehicle speed to prevent serious accidents and injuries. ",
                        "marks": []
                      }
                    ]
                  },
                  {
                    "object": "block",
                    "type": "paragraph",
                    "data": {},
                    "nodes": [
                      {
                        "object": "text",
                        "text": "The first indicator that shared spaces are not perhaps not the best alternative comes from public opinion itself. The majority of those surveyed and asked to report on their experience (63%) state that they had a bad experience using a shared space while only a few (18%) rated it as being good for the public and both parties (vehicles and pedestrians). ",
                        "marks": []
                      }
                    ]
                  },
                  {
                    "object": "block",
                    "type": "paragraph",
                    "data": {},
                    "nodes": [
                      {
                        "object": "text",
                        "text": "It can also be asked whether shared spaces really do achieve its aim of preventing serious accidents by reducing speed. Would reckless drivers stop driving recklessly in a different environment? Perhaps it is the driver that makes the road not the other way around, that is to say, reckless drivers cannot distinguish between an empty road and a road filled with pedestrians. ",
                        "marks": []
                      }
                    ]
                  },
                  {
                    "object": "block",
                    "type": "paragraph",
                    "data": {},
                    "nodes": [
                      {
                        "object": "text",
                        "text": "While there have been single cases of reduced traffic congestion and vehicle travel time, it is difficult to generalise this success beyond those single examples. Pedestrian activities and traffic are not uniform across places and thus, what might work in one instance might as very well not in another. We need to wait and see whether this process generalises beyond these cases and thus, the efficacy of shared spaces can be questioned in these terms. ",
                        "marks": []
                      }
                    ]
                  },
                  {
                    "object": "block",
                    "type": "paragraph",
                    "data": {},
                    "nodes": [
                      {
                        "object": "text",
                        "text": "",
                        "marks": []
                      }
                    ]
                  },
                  {
                    "object": "block",
                    "type": "paragraph",
                    "data": {},
                    "nodes": [
                      {
                        "object": "text",
                        "text": "Comments from a person with Cerebral Palsy who have stated that shared spaces terrifies him and another parent who expressed concern over her  daughter's safety due to the specific design of the safe space also further raises concerns as to whether promoting this space could achieve much for Urban Design. ",
                        "marks": []
                      }
                    ]
                  },
                  {
                    "object": "block",
                    "type": "paragraph",
                    "data": {},
                    "nodes": [
                      {
                        "object": "text",
                        "text": "",
                        "marks": []
                      }
                    ]
                  },
                  {
                    "object": "block",
                    "type": "paragraph",
                    "data": {},
                    "nodes": [
                      {
                        "object": "text",
                        "text": "Another aspect of this issue could be the design of the safe space itself: how do we go about ensuring that a particular design is optimal for both safety and convenience for pedestrians and traffic vehicles respectively? The Urban Design Group state that the design should be compromised by all groups and should not be biased towards the needs of the most vulnerable. However, it is difficult to see this happening and completely unethical from my perspective that the most vulnerable need to rely upon a design that may not suit them while commuting. Would they guarantee then, another set of spaces reserved for only the most vulnerable that is not shared? It is true that roads should operate according to everybody's convenience but at the same time, it is equally important for the Urban Design Group to keep in mind that the most vulnerable are the most disadvantaged and hence, they should be priorotised the most. ",
                        "marks": []
                      }
                    ]
                  },
                  {
                    "object": "block",
                    "type": "paragraph",
                    "data": {},
                    "nodes": [
                      {
                        "object": "text",
                        "text": "Lastly, the recent report on shared spaces and the occurence of accidents seem to be biased and invalid in its methodology. One, due to the methodology itself recommended by the Department of Transport on how to monitor operational safety of a shared space and the secondly, previous evaluations of shared space using road accidents statistics if this under-reporting has not been taken into account. ",
                        "marks": []
                      }
                    ]
                  },
                  {
                    "object": "block",
                    "type": "paragraph",
                    "data": {},
                    "nodes": [
                      {
                        "object": "text",
                        "text": "",
                        "marks": []
                      }
                    ]
                  },
                  {
                    "object": "block",
                    "type": "paragraph",
                    "data": {},
                    "nodes": [
                      {
                        "object": "text",
                        "text": "Urban Design could go about spending this intended promotional resources in a much more efficient and beneficial manner than promoting shared spaces to the public. ",
                        "marks": []
                      }
                    ]
                  },
                  {
                    "object": "block",
                    "type": "paragraph",
                    "data": {},
                    "nodes": [
                      {
                        "object": "text",
                        "text": "",
                        "marks": []
                      }
                    ]
                  },
                  {
                    "object": "block",
                    "type": "paragraph",
                    "data": {},
                    "nodes": [
                      {
                        "object": "text",
                        "text": "",
                        "marks": []
                      }
                    ]
                  },
                  {
                    "object": "block",
                    "type": "paragraph",
                    "data": {},
                    "nodes": [
                      {
                        "object": "text",
                        "text": "",
                        "marks": []
                      }
                    ]
                  },
                  {
                    "object": "block",
                    "type": "paragraph",
                    "data": {},
                    "nodes": [
                      {
                        "object": "text",
                        "text": "",
                        "marks": []
                      }
                    ]
                  }
                ]
              }
            },
            "graph_value": {
              "nodes": [],
              "connections": {
                "arrows": [],
                "arrow_id_counter": 0,
                "arrowOptions": [
                  {
                    "colour": "green",
                    "name": "Supports",
                    "symbol": "→"
                  },
                  {
                    "colour": "red",
                    "name": "Opposes",
                    "symbol": "→"
                  },
                  {
                    "colour": "blue",
                    "name": "Expands",
                    "symbol": "→"
                  }
                ]
              }
            }
          }
        ]
      },
      "map": {},
      "node_id_counter": 1,
      "doc_value": {
        "object": "value",
        "document": {
          "object": "document",
          "data": {},
          "nodes": [
            {
              "object": "block",
              "type": "paragraph",
              "data": {},
              "nodes": [
                {
                  "object": "text",
                  "text": "Shared spaces hinder both the vehicle drivers and the pedestrians movement within the shared road and thus, it should not be promoted in urban planning. There are numerous other ways that could be implemented to reduce vehicle speed to prevent serious accidents and injuries. ",
                  "marks": []
                }
              ]
            },
            {
              "object": "block",
              "type": "paragraph",
              "data": {},
              "nodes": [
                {
                  "object": "text",
                  "text": "The first indicator that shared spaces are not perhaps not the best alternative comes from public opinion itself. The majority of those surveyed and asked to report on their experience (63%) state that they had a bad experience using a shared space while only a few (18%) rated it as being good for the public and both parties (vehicles and pedestrians). ",
                  "marks": []
                }
              ]
            },
            {
              "object": "block",
              "type": "paragraph",
              "data": {},
              "nodes": [
                {
                  "object": "text",
                  "text": "It can also be asked whether shared spaces really do achieve its aim of preventing serious accidents by reducing speed. Would reckless drivers stop driving recklessly in a different environment? Perhaps it is the driver that makes the road not the other way around, that is to say, reckless drivers cannot distinguish between an empty road and a road filled with pedestrians. ",
                  "marks": []
                }
              ]
            },
            {
              "object": "block",
              "type": "paragraph",
              "data": {},
              "nodes": [
                {
                  "object": "text",
                  "text": "While there have been single cases of reduced traffic congestion and vehicle travel time, it is difficult to generalise this success beyond those single examples. Pedestrian activities and traffic are not uniform across places and thus, what might work in one instance might as very well not in another. We need to wait and see whether this process generalises beyond these cases and thus, the efficacy of shared spaces can be questioned in these terms. ",
                  "marks": []
                }
              ]
            },
            {
              "object": "block",
              "type": "paragraph",
              "data": {},
              "nodes": [
                {
                  "object": "text",
                  "text": "",
                  "marks": []
                }
              ]
            },
            {
              "object": "block",
              "type": "paragraph",
              "data": {},
              "nodes": [
                {
                  "object": "text",
                  "text": "Comments from a person with Cerebral Palsy who have stated that shared spaces terrifies him and another parent who expressed concern over her  daughter's safety due to the specific design of the safe space also further raises concerns as to whether promoting this space could achieve much for Urban Design. ",
                  "marks": []
                }
              ]
            },
            {
              "object": "block",
              "type": "paragraph",
              "data": {},
              "nodes": [
                {
                  "object": "text",
                  "text": "",
                  "marks": []
                }
              ]
            },
            {
              "object": "block",
              "type": "paragraph",
              "data": {},
              "nodes": [
                {
                  "object": "text",
                  "text": "Another aspect of this issue could be the design of the safe space itself: how do we go about ensuring that a particular design is optimal for both safety and convenience for pedestrians and traffic vehicles respectively? The Urban Design Group state that the design should be compromised by all groups and should not be biased towards the needs of the most vulnerable. However, it is difficult to see this happening and completely unethical from my perspective that the most vulnerable need to rely upon a design that may not suit them while commuting. Would they guarantee then, another set of spaces reserved for only the most vulnerable that is not shared? It is true that roads should operate according to everybody's convenience but at the same time, it is equally important for the Urban Design Group to keep in mind that the most vulnerable are the most disadvantaged and hence, they should be priorotised the most. ",
                  "marks": []
                }
              ]
            },
            {
              "object": "block",
              "type": "paragraph",
              "data": {},
              "nodes": [
                {
                  "object": "text",
                  "text": "Lastly, the recent report on shared spaces and the occurence of accidents seem to be biased and invalid in its methodology. One, due to the methodology itself recommended by the Department of Transport on how to monitor operational safety of a shared space and the secondly, previous evaluations of shared space using road accidents statistics if this under-reporting has not been taken into account. ",
                  "marks": []
                }
              ]
            },
            {
              "object": "block",
              "type": "paragraph",
              "data": {},
              "nodes": [
                {
                  "object": "text",
                  "text": "Urban Design could go about spending this intended promotional resources in a much more efficient and beneficial manner than promoting shared spaces to the public. ",
                  "marks": []
                }
              ]
            },
            {
              "object": "block",
              "type": "paragraph",
              "data": {},
              "nodes": [
                {
                  "object": "text",
                  "text": "",
                  "marks": []
                }
              ]
            },
            {
              "object": "block",
              "type": "paragraph",
              "data": {},
              "nodes": [
                {
                  "object": "text",
                  "text": "",
                  "marks": []
                }
              ]
            },
            {
              "object": "block",
              "type": "paragraph",
              "data": {},
              "nodes": [
                {
                  "object": "text",
                  "text": "",
                  "marks": []
                }
              ]
            },
            {
              "object": "block",
              "type": "paragraph",
              "data": {},
              "nodes": [
                {
                  "object": "text",
                  "text": "",
                  "marks": []
                }
              ]
            }
          ]
        }
      },
      "graph_value": {
        "nodes": [],
        "connections": {
          "arrows": [],
          "arrow_id_counter": 0,
          "arrowOptions": [
            {
              "colour": "green",
              "name": "Supports",
              "symbol": "→"
            },
            {
              "colour": "red",
              "name": "Opposes",
              "symbol": "→"
            },
            {
              "colour": "blue",
              "name": "Expands",
              "symbol": "→"
            }
          ]
        }
      }
    }
  ]
}